authorID,bookID
A1,50842
A1,50872
A1,51047
A1,51201
A1,51288
A1,51304
A1,51331
A1,51342
A1,51351
A1,51434
A1,51449
A1,51482
A1,51493
A1,51656
A1,51657
A1,51726
A1,51767
A1,51773
A1,51801
A1,51833
A2,51656
A3,51202
A3,51305
A3,51320
A3,51351
A3,51657
A3,51832
A4,5166
A5,51668
A5,51774
A6,50948
A6,51167
A6,51310
A6,51320
A6,51668
A6,51727
A6,51809
A7,5167
A7,5168
A8,51681
A8,51810
A9,51687
A10,5106
A10,5107
A10,5108
A10,5169
A11,51460
A11,51698
A11,51736
A12,50890
A12,51699
A13,51699
A14,49731
A14,51263
A14,517
A14,518
A15,5171
A16,51713
A17,51714
A18,51716
A19,51716
A20,5172
A21,51726
A22,51727
A23,5173
A24,51730
A25,51736
A25,51804
A26,5174
A26,5175
A27,51740
A28,50736
A28,50893
A28,51361
A28,51362
A28,51445
A28,51740
A28,51741
A28,51751
A28,51774
A28,51805
A29,51741
A30,51748
A31,51751
A32,51296
A32,51752
A33,50999
A33,51112
A33,51752
A34,51755
A34,51830
A35,51091
A35,51311
A35,51337
A35,51380
A35,51413
A35,51436
A35,51478
A35,51758
A35,51759
A35,51768
A36,51091
A36,51311
A36,51337
A36,51380
A36,51413
A36,51436
A36,51478
A36,51758
A36,51759
A36,51768
A37,51758
A38,51759
A39,5176
A40,51762
A41,51767
A42,50844
A42,51768
A42,51833
A43,5177
A44,51478
A44,51773
A45,51258
A45,51267
A45,51781
A46,50713
A46,50904
A46,50928
A46,51092
A46,51122
A46,51185
A46,51273
A46,51781
A46,51810
A47,5179
A48,5180
A49,51801
A50,51310
A50,51804
A50,51809
A51,51805
A52,5181
A53,5182
A54,5183
A55,5184
A56,5184
A57,51028
A57,51232
A57,51247
A57,51353
A57,51396
A57,51408
A57,51842
A58,51201
A58,51842
A59,51158
A60,5116
A60,5117
A61,51163
A62,51167
A63,50876
A63,51046
A63,51168
A64,50766
A64,50796
A64,50826
A64,50827
A64,50835
A64,50844
A64,50848
A64,50869
A64,50877
A64,50884
A64,50969
A64,51009
A64,51121
A64,51152
A64,51168
A64,51203
A64,51231
A64,51240
A64,51268
A64,51336
A64,51407
A64,51461
A65,51171
A66,4969
A66,5118
A66,5140
A67,51180
A68,51185
A69,51187
A70,51188
A71,5119
A72,5119
A73,50766
A73,50774
A73,51193
A74,51193
A75,51194
A76,51194
A76,51274
A77,508
A77,512
A77,513
A78,5120
A79,51203
A80,50807
A80,51206
A81,5121
A82,51210
A83,51210
A84,5122
A84,5145
A85,51229
A86,5123
A87,51231
A88,51232
A89,50998
A89,51027
A89,51046
A89,51233
A89,51286
A89,51483
A90,50835
A90,51233
A91,51234
A92,5080
A92,5124
A93,50796
A93,51009
A93,51121
A93,51240
A94,51241
A95,51241
A96,51242
A97,51247
A98,5125
A99,51250
A100,51267
A101,51008
A101,51268
A101,51483
A102,51273
A103,51274
A104,5075
A104,5128
A105,50449
A105,51286
A105,51296
A106,50827
A106,50848
A106,51288
A106,51342
A107,5129
A108,50736
A108,50959
A108,50969
A108,50998
A108,51295
A109,50905
A109,50980
A109,51074
A109,51295
A110,51300
A111,49693
A111,51304
A112,51307
A113,51308
A114,5131
A115,51311
A116,51317
A117,51321
A118,51321
A119,5133
A120,5133
A121,51331
A122,51072
A122,51335
A122,51344
A122,51433
A122,51449
A123,51335
A124,51336
A125,50872
A125,51126
A125,51337
A125,51413
A126,5135
A127,5135
A128,50753
A128,50819
A128,50905
A128,51082
A128,51152
A128,51353
A128,51380
A128,51436
A128,51461
A128,51493
A129,5136
A130,51361
A131,51362
A132,51363
A133,5137
A134,51371
A135,51395
A136,50904
A136,51395
A137,50826
A137,51396
A138,51397
A139,514
A140,51407
A141,51408
A142,51409
A143,5141
A144,51412
A145,51412
A146,503
A146,51412
A147,51414
A148,51414
A149,5142
A150,51421
A150,51434
A150,51482
A151,51425
A152,5069
A152,5070
A152,5071
A152,51425
A153,51428
A154,5062
A154,5076
A154,5086
A154,5099
A154,5143
A155,51008
A155,51433
A156,50668
A156,50834
A156,51435
A157,51437
A158,5144
A159,51445
A160,50493
A160,51455
A161,4971
A161,5146
A162,5146
A163,4971
A163,5146
A164,51473
A165,5007
A165,5054
A165,5073
A165,5087
A165,5094
A165,5149
A166,50799
A166,50831
A167,50831
A168,50832
A169,5084
A170,5084
A171,50842
A172,5085
A173,5085
A174,50682
A174,50863
A175,50868
A176,50869
A177,50875
A178,50877
A179,5088
A180,50881
A181,50884
A182,50889
A183,50889
A184,5089
A185,5089
A186,50892
A187,50893
A188,50898
A189,509
A189,510
A189,511
A190,5090
A191,5091
A192,50914
A193,5092
A194,50921
A195,50921
A196,50923
A197,50928
A198,5093
A199,50931
A200,50931
A201,50932
A202,50934
A203,50935
A204,50939
A205,50533
A205,50941
A206,50948
A206,51122
A206,51150
A207,50950
A208,50955
A209,50956
A210,50958
A211,50309
A211,50400
A211,50635
A211,50661
A211,50960
A212,50970
A213,50971
A214,50978
A215,50978
A216,50980
A216,51074
A217,50988
A218,50989
A219,51
A220,5100
A221,51004
A222,5102
A223,51027
A224,51028
A225,5103
A226,51035
A227,51035
A228,51037
A229,51037
A229,51148
A230,50800
A230,51047
A231,51053
A232,51053
A233,51066
A234,51068
A235,51072
A236,51075
A237,51075
A238,51082
A239,5109
A240,51091
A241,51092
A242,51094
A243,51094
A244,51095
A244,51140
A245,51096
A246,4979
A246,4980
A246,5110
A247,51104
A248,5111
A249,51112
A250,51118
A251,51125
A252,51126
A252,51129
A253,51129
A254,5113
A255,51136
A256,51137
A257,5079
A257,5114
A258,51140
A259,51140
A260,51140
A261,51148
A262,5115
A263,5115
A264,5115
A265,51150
A266,51153
A267,5028
A268,5029
A269,5030
A270,50302
A271,5031
A272,50312
A273,50317
A274,50317
A275,5032
A276,50322
A277,5033
A278,50338
A279,5034
A279,5068
A279,5078
A280,50349
A281,5035
A282,50357
A282,50535
A283,5036
A284,5037
A285,50374
A286,50374
A287,5038
A288,5039
A289,504
A290,5040
A291,5041
A292,50410
A293,5042
A294,50425
A295,50425
A296,5043
A297,50431
A297,50505
A298,5044
A299,5045
A300,5046
A301,50466
A302,5047
A303,5048
A304,50483
A305,5049
A306,505
A307,5050
A308,50500
A309,50500
A310,5051
A311,5052
A312,50520
A313,4970
A313,5053
A314,4970
A314,5053
A315,50535
A316,50536
A317,5055
A317,5056
A317,5057
A317,5058
A317,5059
A317,5060
A318,50551
A319,50553
A320,50553
A321,50556
A322,50561
A323,50566
A324,50577
A325,50577
A326,50596
A327,506
A328,5061
A329,5061
A330,5064
A331,5065
A332,5066
A333,5066
A334,5066
A335,5066
A336,5066
A337,5066
A338,5066
A339,5066
A340,5066
A341,5066
A342,5066
A343,5066
A344,50662
A345,50663
A346,5067
A347,50676
A348,507
A349,50701
A350,50701
A351,50702
A352,50702
A353,50713
A354,50715
A355,50723
A356,50730
A357,50734
A358,50739
A359,5074
A360,5077
A361,4966
A361,5077
A362,50772
A363,49651
A364,49651
A365,49657
A365,49658
A365,49694
A366,49662
A367,49665
A368,49671
A369,49686
A370,49693
A370,49762
A371,4971
A372,4972
A372,4973
A373,49727
A374,49739
A374,49830
A375,4974
A376,4975
A377,49754
A378,49754
A379,49757
A380,4976
A381,49762
A382,49767
A383,49767
A384,49779
A385,49779
A386,4978
A387,4978
A388,49787
A389,498
A390,49809
A391,4981
A392,4982
A393,4983
A394,4985
A395,49856
A396,4986
A397,4987
A397,4988
A398,49870
A399,4989
A400,49898
A401,49899
A402,499
A403,4990
A404,49906
A405,4991
A406,49917
A407,49917
A408,4992
A409,4993
A410,49935
A411,4994
A412,4995
A412,5002
A412,5003
A413,49957
A414,49957
A415,4996
A416,49967
A417,4997
A418,49976
A419,49991
A420,49991
A421,5
A422,50
A423,500
A424,500
A425,50008
A426,50008
A427,5001
A428,5001
A429,50012
A430,5004
A431,50040
A432,50040
A433,5005
A434,5006
A435,50064
BauthorID,bookID
B1,53974
B2,53976
B3,5356
B3,5357
B3,5358
B3,5359
B3,5360
B3,5361
B3,5362
B3,5363
B3,5364
B3,5365
B3,5366
B3,5367
B3,5368
B3,5369
B3,5370
B3,5371
B3,5372
B3,5398
B3,5399
B3,5400
B4,519
B4,520
B4,52176
B4,5312
B4,54
B5,540
B6,5401
B7,5402
B8,5403
B9,5404
B10,5233
B10,5405
B11,5406
B12,5407
B13,54072
B14,5332
B14,5408
B15,5409
B15,5410
B15,5411
B15,5412
B15,5413
B15,5414
B15,5415
B15,5416
B16,5353
B16,5354
B16,5355
B16,5409
B16,5410
B16,5411
B16,5412
B16,5413
B16,5414
B16,5415
B16,5416
B17,541
B18,54134
B19,52017
B19,528
B19,530
B19,5348
B19,5417
B19,54195
B19,54350
B20,54177
B21,5269
B21,5309
B21,5320
B21,5418
B21,5433
B21,5437
B22,54197
B23,54199
B24,542
B25,5420
B26,5421
B27,54214
B28,54214
B29,5422
B30,54222
B31,54236
B31,54272
B32,54236
B32,54272
B33,54239
B34,5425
B35,54254
B36,5426
B37,5427
B38,54271
B39,5428
B40,54289
B41,5429
B41,5430
B42,54292
B43,543
B44,5324
B44,54304
B45,54309
B46,5431
B47,5431
B48,5431
B49,5431
B50,5431
B51,5431
B52,54314
B53,54315
B54,54319
B55,54320
B56,54322
B57,54324
B57,54327
B57,54328
B58,54326
B59,54331
B60,54335
B61,54336
B62,54337
B63,5434
B64,5435
B65,54351
B66,54370
B67,52844
B67,53045
B67,53048
B67,53059
B67,53102
B67,53132
B68,53048
B69,51653
B69,52110
B69,53049
B70,53059
B71,53059
B72,5306
B73,5307
B74,5307
B75,5307
B76,53074
B77,53075
B78,5308
B79,51494
B79,51499
B79,51588
B79,51650
B79,53089
B80,51615
B80,53089
B81,53093
B82,53096
B83,5165
B83,53097
B84,531
B85,5310
B86,53102
B87,51984
B87,5311
B88,5312
B89,5156
B89,5251
B89,5274
B89,5313
B90,52995
B90,53132
B91,51509
B91,52844
B91,52855
B91,53132
B92,53133
B93,53133
B94,53134
B95,5153
B95,5194
B95,5241
B95,5315
B96,53155
B97,5317
B97,537
B98,53175
B99,5319
B100,53193
B101,532
B101,533
B102,53200
B103,5321
B104,5321
B105,52683
B105,53214
B106,52404
B106,52842
B106,53249
B106,53289
B107,53249
B108,5327
B109,5327
B110,53270
B111,53270
B112,5328
B113,53289
B114,53306
B115,53312
B116,5232
B116,5333
B117,5334
B118,53348
B119,53348
B120,5264
B120,5271
B120,5335
B121,5336
B122,5336
B123,5336
B124,5336
B125,5336
B126,53366
B127,5337
B128,53370
B129,53378
B130,53378
B131,5340
B131,5341
B131,5342
B131,5343
B132,53402
B133,51916
B133,53402
B134,53414
B135,53416
B136,52189
B136,52739
B136,53424
B137,5344
B137,5345
B137,5346
B138,53446
B139,53465
B140,53468
B141,53468
B142,5347
B143,5349
B144,5272
B144,535
B144,536
B145,535
B146,5350
B147,53500
B148,5351
B149,5352
B150,53544
B151,53548
B152,53551
B153,53576
B154,53581
B155,53604
B156,53606
B157,53606
B158,53606
B159,5256
B159,53606
B160,53606
B161,53617
B162,53641
B163,53641
B164,53648
B165,53673
B166,53676
B167,53684
B168,53700
B168,53717
B169,53711
B170,53711
B171,53716
B172,53716
B173,53716
B174,53717
B175,5242
B175,5243
B175,5244
B175,5245
B176,52437
B177,52438
B178,52438
B179,52449
B179,52458
B179,52460
B180,52454
B181,5246
B182,5247
B183,5248
B184,52498
B185,525
B185,526
B185,527
B186,52515
B187,52515
B188,5252
B189,5253
B190,52531
B191,5254
B192,5255
B193,52552
B194,52557
B195,52559
B196,52560
B197,52560
B198,5257
B199,52574
B200,52068
B200,5259
B201,52590
B202,5150
B202,5151
B202,5163
B202,5261
B202,5270
B203,52610
B204,5262
B205,5263
B206,52636
B207,52636
B208,52636
B209,5265
B210,52657
B211,52661
B212,52668
B213,5267
B214,52670
B215,52674
B216,52674
B217,52674
B218,52674
B219,5268
B220,52695
B221,52695
B222,52696
B223,5272
B224,5273
B225,5275
B225,5276
B225,5277
B225,5278
B225,5279
B225,5280
B225,5281
B225,5282
B225,5283
B225,5284
B225,5285
B225,5286
B225,5287
B225,5288
B225,5289
B225,5290
B225,5291
B225,5292
B225,5293
B225,5294
B225,5295
B225,5296
B225,5297
B225,5298
B225,5299
B225,5300
B226,52755
B227,52769
B228,52769
B229,52769
B230,52776
B230,52784
B230,52805
B230,52844
B230,52845
B231,51549
B231,52776
B232,52784
B233,52804
B234,52805
B235,52819
B236,52840
B237,52842
B238,52845
B239,51518
B239,51603
B239,52845
B239,52855
B240,52854
B241,52868
B242,529
B243,52903
B244,52920
B245,52920
B246,52945
B247,52946
B248,52949
B249,52951
B250,52978
B251,52979
B252,52995
B253,53
B254,53
B255,53005
B256,53006
B257,5301
B258,53015
B259,53015
B260,53016
B260,53035
B261,5302
B261,5303
B261,5304
B262,53032
B263,53034
B264,53045
B265,51844
B266,51844
B267,51570
B267,51844
B267,51868
B268,51848
B269,51848
B270,51849
B271,51849
B272,5185
B272,5186
B273,5185
B273,5186
B274,51509
B274,51574
B274,51623
B274,51852
B275,51852
B276,51866
B277,51868
B278,5187
B279,51909
B279,51911
B279,51912
B279,51914
B280,5191
B281,51910
B282,51913
B282,51917
B282,51920
B282,51925
B283,51915
B284,51915
B285,51916
B286,51918
B287,51920
B288,51921
B289,51923
B290,5193
B291,5193
B292,51932
B293,51942
B294,51942
B295,5195
B296,51958
B297,5196
B298,5197
B299,51979
B300,51979
B301,5198
B301,5203
B301,5208
B301,5209
B301,5210
B301,5217
B302,5199
B303,51990
B304,5200
B305,5200
B306,52009
B307,52010
B308,5202
B308,5231
B309,5204
B310,5205
B311,52055
B312,5207
B313,52072
B314,521
B315,52101
B316,5211
B317,52113
B318,52126
B319,52130
B319,52143
B320,52130
B320,52143
B321,52167
B321,52326
B322,52176
B323,5218
B323,5219
B323,5220
B323,5221
B323,5222
B323,5223
B323,5224
B323,5225
B324,5218
B324,5219
B324,5220
B324,5221
B324,5222
B324,5223
B324,5224
B324,5225
B325,52180
B326,52180
B327,522
B327,523
B328,52211
B329,52216
B330,52225
B331,52225
B332,52225
B333,52242
B334,52244
B335,52246
B336,52257
B337,5226
B338,5226
B339,5227
B340,5228
B341,5229
B342,5230
B342,524
B343,52302
B344,5234
B344,5235
B344,5236
B344,5237
B344,5238
B344,5239
B344,5240
B345,5234
B345,5235
B345,5236
B345,5237
B345,5238
B345,5239
B345,5240
B346,52342
B346,52343
B347,52342
B347,52343
B348,52355
B349,52371
B350,52390
B351,52390
B352,52404
B353,52411
B354,51494
B355,51498
B356,51498
B356,51622
B357,51499
B357,51623
B358,515
B359,51518
B360,5152
B361,51523
B362,51531
B363,51533
B364,51534
B365,51534
B366,51537
B367,51537
B368,51537
B369,51538
B369,51608
B370,51539
B371,51545
B372,51546
B373,5155
B374,51550
B375,51552
B376,51559
B377,51563
B377,51564
B377,51565
B377,51566
B378,51563
B379,51564
B379,51565
B380,51566
B381,5157
B382,51570
B383,51571
B384,51574
B385,51578
B386,51579
B387,51579
B388,51588
B389,51589
B390,51596
B390,51603
B391,51600
B392,51600
B393,51609
B394,51609
B395,51609
B396,5161
B397,51610
B398,51611
B399,51615
B400,51616
B401,51616
B402,5162
B403,51622
B404,5164
B405,51641
B406,51650
B407,51650
B408,51653
CauthorID,bookID
C1,56654
C1,5744
C2,56654
C2,5744
C3,5666
C3,5667
C3,5668
C4,56683
C5,56683
C6,56685
C7,5669
C8,56691
C9,56692
C10,56692
C11,56693
C12,56698
C13,56699
C14,56699
C15,567
C15,568
C15,569
C16,5670
C17,56700
C18,5672
C19,54608
C19,54621
C19,54660
C19,55098
C19,5623
C19,5673
C19,5674
C20,5675
C21,5676
C22,5677
C23,5678
C23,5679
C23,5680
C24,5637
C24,5682
C24,5683
C24,5684
C25,5682
C25,5683
C25,5684
C26,56838
C27,56838
C28,5685
C29,5686
C30,5688
C30,5689
C30,5690
C30,5691
C30,5692
C30,5693
C31,54488
C31,54824
C31,56880
C32,5695
C33,5696
C34,5697
C35,56976
C36,56976
C37,54434
C37,5604
C37,5698
C37,5722
C37,5723
C38,5699
C38,5703
C39,570
C40,5700
C40,5708
C41,55359
C41,57008
C42,5701
C42,5727
C43,5702
C44,57036
C45,57036
C46,57036
C47,5704
C48,57041
C49,5705
C50,5706
C51,5707
C52,55100
C52,5642
C52,5709
C53,571
C54,5710
C55,5620
C55,5712
C56,5713
C57,5715
C58,5716
C59,5716
C60,5717
C61,5719
C62,5720
C63,5721
C63,5741
C64,5721
C65,5726
C66,5728
C67,5728
C68,5728
C69,5728
C70,5729
C71,573
C72,573
C73,5730
C74,5631
C74,5731
C75,5617
C75,5732
C76,5734
C77,5735
C77,5738
C78,5736
C79,5737
C80,574
C81,55024
C81,5741
C82,5741
C83,5741
C84,5742
C85,5745
C86,5439
C86,5440
C86,5441
C86,5442
C86,5443
C86,5444
C86,5445
C86,5446
C86,5447
C86,5448
C86,5449
C86,5450
C86,5451
C86,5452
C86,5453
C86,5454
C86,5455
C86,5456
C86,5457
C86,5458
C86,5459
C86,5460
C86,5461
C86,5462
C86,5463
C86,5464
C86,5465
C86,5466
C86,5467
C86,5468
C86,5469
C86,5470
C86,5471
C86,5472
C86,5473
C86,5474
C86,5475
C86,5476
C86,5477
C86,5478
C86,5479
C86,5480
C86,5481
C86,5483
C86,5484
C86,5485
C86,5486
C86,5487
C86,5488
C86,5489
C86,5490
C86,5491
C86,5492
C86,5493
C86,5494
C86,5495
C86,5496
C86,5497
C86,5498
C86,5499
C86,5501
C86,5502
C86,5503
C86,5504
C86,5505
C86,5506
C86,5507
C86,5508
C86,5509
C86,5510
C86,5511
C86,5512
C86,5513
C86,5514
C86,5515
C86,5516
C86,5517
C86,5518
C86,5519
C86,5520
C86,5521
C86,5522
C86,5523
C86,5524
C86,5525
C86,5526
C86,5527
C86,5528
C86,5529
C86,5530
C86,5531
C86,5532
C86,5533
C86,5534
C86,5535
C86,5536
C86,5537
C86,5538
C86,5539
C86,5540
C86,5541
C86,5542
C86,5543
C86,5544
C86,5545
C86,5546
C86,5547
C86,5548
C86,5549
C86,5550
C86,5551
C86,5552
C86,5553
C86,5554
C86,5555
C86,5556
C86,5557
C86,5558
C86,5559
C86,5560
C86,5561
C86,5562
C86,5563
C86,5564
C86,5565
C86,5566
C86,5567
C86,5568
C86,5569
C86,5570
C86,5571
C86,5572
C86,5573
C86,5574
C86,5575
C86,5576
C86,5577
C86,5578
C86,5579
C86,5580
C86,5581
C86,5582
C86,5583
C86,5584
C86,5585
C86,5586
C86,5587
C86,5588
C86,5589
C86,5590
C86,5591
C86,5592
C86,5593
C86,5594
C86,5595
C86,5596
C86,5597
C86,5598
C86,5599
C86,5600
C87,5467
C87,5468
C87,5469
C87,5470
C87,5471
C87,5472
C87,5473
C87,5474
C87,5475
C87,5476
C87,5477
C87,5478
C87,5479
C87,5480
C87,5481
C87,5508
C87,5509
C87,5510
C87,5511
C87,5512
C87,5513
C87,5514
C87,5515
C87,5516
C87,5543
C87,5544
C87,5545
C87,5546
C87,5547
C87,5548
C87,5549
C87,5550
C87,5551
C87,5561
C87,5562
C87,5563
C87,5564
C87,5565
C87,5566
C87,5567
C87,5568
C87,5569
C87,5570
C87,5571
C87,5572
C87,5573
C87,5574
C87,5575
C87,5576
C87,5577
C87,5578
C87,5579
C87,5580
C87,5581
C87,5582
C87,5583
C87,5584
C87,5585
C87,5586
C87,5587
C87,5588
C87,5592
C87,5593
C87,5594
C87,5595
C87,5596
C87,5597
C87,5598
C87,5599
C88,55635
C89,55645
C90,55645
C91,55663
C92,55663
C93,55693
C93,55694
C94,55696
C95,55696
C96,556
C96,557
C97,55723
C97,55832
C98,55732
C99,55102
C99,55312
C99,55417
C99,55748
C99,55782
C99,56230
C100,55799
C101,55799
C102,558
C102,559
C102,560
C103,53765
C103,55806
C103,55851
C103,56073
C103,56079
C103,56085
C104,53765
C104,55806
C104,55851
C104,56073
C104,56079
C104,56085
C105,55814
C106,55815
C106,55826
C107,55815
C107,55826
C107,55830
C108,55837
C109,55837
C110,55907
C111,56
C112,5602
C113,56021
C114,56023
C115,56029
C116,5603
C117,5603
C118,5605
C119,5605
C120,5606
C121,56061
C122,56073
C123,5608
C124,5609
C125,561
C126,5610
C127,56101
C128,56106
C129,5614
C130,5614
C131,56144
C132,56144
C133,5615
C134,5616
C135,56162
C136,56162
C137,56162
C138,562
C139,56206
C140,56206
C141,56209
C142,5622
C143,5624
C144,5625
C145,5626
C146,56277
C147,5628
C148,5629
C149,563
C150,5630
C151,5632
C152,5633
C153,55199
C153,56347
C154,56354
C155,5636
C156,5637
C157,5637
C158,5637
C159,5637
C160,5637
C161,5637
C162,5638
C163,5639
C164,564
C165,56407
C166,5643
C167,5645
C168,56453
C169,5439
C169,5440
C169,5441
C169,5442
C169,5443
C169,5444
C169,5445
C169,5446
C169,5447
C169,5448
C169,5449
C169,5461
C169,5462
C169,5463
C169,5464
C169,5465
C169,5466
C169,5483
C169,5484
C169,5485
C169,5486
C169,5487
C169,5488
C169,5489
C169,5490
C169,5491
C169,5492
C169,5493
C169,5494
C169,5495
C169,5496
C169,5497
C169,5498
C169,5499
C169,5501
C169,5502
C169,5503
C169,5504
C169,5505
C169,5506
C169,5507
C169,5517
C169,5518
C169,5519
C169,5520
C169,5521
C169,5522
C169,5523
C169,5524
C169,5525
C169,5526
C169,5527
C169,5528
C169,5529
C169,5530
C169,5531
C169,5532
C169,5533
C169,5534
C169,5535
C169,5536
C169,5537
C169,5538
C169,5539
C169,5540
C169,5541
C169,5542
C169,5552
C169,5553
C169,5554
C169,5555
C169,5556
C169,5557
C169,5558
C169,5559
C169,5560
C170,54959
C170,55148
C170,55323
C170,55454
C171,55
C172,550
C173,55006
C174,55024
C175,55074
C176,55078
C177,55088
C178,55089
C179,55089
C180,55097
C181,55099
C182,55099
C183,545
C183,551
C183,552
C183,553
C184,55104
C185,55123
C186,55123
C187,55149
C188,55162
C189,55168
C190,55168
C191,54593
C191,54594
C191,54595
C191,54918
C191,54919
C191,54920
C191,54921
C191,55179
C191,55527
C191,55528
C191,55529
C192,55185
C193,55216
C194,55225
C195,55296
C196,55297
C197,55317
C198,55317
C199,55363
C200,55363
C201,55373
C202,55387
C203,55398
C204,55399
C205,554
C206,554
C207,54632
C207,55415
C208,55431
C209,55431
C210,55442
C211,55442
C212,55442
C213,55464
C214,55464
C215,55508
C216,55575
C217,55590
C218,55590
C219,54374
C219,54375
C219,54404
C219,54463
C219,54464
C219,54465
C220,5438
C221,544
C222,54415
C223,54418
C223,54504
C223,54538
C224,54434
C224,54435
C225,54435
C226,54446
C227,54479
C228,54479
C229,54480
C230,54490
C231,54492
C232,54497
C233,5450
C233,5451
C233,5452
C233,5453
C233,5454
C233,5455
C233,5456
C233,5457
C233,5458
C233,5459
C233,5460
C234,54505
C235,54506
C236,54515
C237,54523
C238,54533
C239,54533
C240,54583
C241,546
C242,54626
C243,54630
C243,54826
C244,54632
C245,54644
C246,54673
C247,54674
C248,547
C249,54711
C250,54729
C251,54771
C252,54772
C253,548
C254,548
C255,54814
C256,54816
C257,54851
C258,54851
C259,54858
C260,54865
C261,54881
C262,54881
C263,54896
C264,54898
C265,549
C266,549
C267,54914
C268,53726
C268,53754
C269,5373
C269,5374
C269,5375
C269,5376
C269,5377
C269,5378
C269,5379
C269,5380
C269,5381
C269,5382
C269,5383
C269,5384
C269,5385
C269,5386
C269,5387
C269,5388
C269,5389
C269,5390
C269,5391
C269,5392
C269,5393
C269,5394
C269,5395
C269,5396
C269,5397
C270,53771
C271,53771
C272,53775
C273,53784
C274,538
C275,53802
C276,53804
C277,53804
C278,53811
C279,53843
C280,53847
C281,53847
C282,53859
C283,53859
C284,53887
C285,53899
C286,53904
C287,53920
DauthorID,bookID
D1,6116
D2,6028
D2,6090
D2,6102
D2,6117
D2,6128
D3,5759
D3,5848
D3,5866
D3,5871
D3,5896
D3,5963
D3,5971
D3,6013
D3,6014
D3,6044
D3,6045
D3,6118
D4,6119
D5,5777
D5,6120
D6,6121
D7,6122
D8,6124
D9,6125
D10,6126
D11,6126
D12,6129
D12,6167
D13,6130
D14,6132
D15,6134
D16,6135
D17,6136
D18,6136
D19,6137
D20,6139
D21,6139
D22,6140
D23,6142
D24,6143
D25,6144
D26,6145
D27,6145
D28,6148
D29,6149
D30,615
D31,615
D32,6150
D33,6151
D33,6152
D33,6153
D33,6154
D33,6155
D33,6156
D34,6157
D35,6157
D36,6157
D37,6158
D38,6158
D39,5893
D39,6159
D40,6160
D41,6160
D42,6161
D43,5747
D43,5778
D43,5833
D43,5868
D43,5977
D43,5993
D43,6162
D44,6164
D45,6165
D46,6166
D47,6168
D48,617
D49,6172
D50,6174
D50,6175
D50,6176
D50,6177
D50,6178
D50,6179
D50,6180
D50,6181
D50,6182
D50,6183
D50,6184
D50,6185
D50,6186
D50,6187
D50,6188
D50,6189
D50,6190
D50,6191
D50,6192
D50,6193
D50,6194
D50,6195
D50,6196
D50,6197
D50,6198
D50,6199
D50,6201
D50,6202
D50,6203
D50,6204
D50,6205
D50,6206
D50,6207
D50,6208
D50,6209
D50,6210
D50,6211
D50,6212
D50,6213
D50,6214
D50,6215
D50,6216
D50,6217
D50,6218
D50,6219
D50,6220
D50,6221
D50,6222
D50,6223
D50,6224
D50,6225
D50,6226
D50,6227
D50,6228
D50,6229
D51,5897
D51,5978
D51,619
D52,605
D52,62
D53,620
D54,6200
D55,621
D56,5981
D57,5982
D58,5983
D59,5900
D59,5989
D60,599
D61,5990
D62,5991
D63,5992
D63,6104
D64,5994
D65,5996
D66,5997
D67,5998
D68,5950
D68,5959
D68,5998
D68,5999
D68,6061
D69,6
D70,5805
D70,60
D71,600
D72,6001
D73,6002
D74,6003
D75,6005
D75,6029
D76,5843
D76,6006
D76,6007
D77,5972
D77,6008
D78,6009
D79,601
D80,5832
D80,5869
D80,6010
D80,6041
D80,6060
D81,6012
D81,6059
D82,5956
D82,6015
D83,6016
D84,6017
D85,6018
D86,6019
D87,6020
D88,5894
D88,6021
D89,6022
D90,6022
D91,6022
D92,6022
D93,6023
D94,6026
D95,6027
D96,603
D97,603
D98,6030
D99,6031
D100,6032
D101,5873
D101,5899
D101,5958
D101,6033
D102,6037
D103,6038
D104,6039
D105,6039
D106,583
D106,6039
D107,6039
D108,6039
D109,6039
D110,6039
D111,604
D112,6040
D113,6040
D114,6040
D115,6040
D116,6040
D117,6041
D118,6041
D119,6041
D120,5826
D120,6042
D120,6053
D121,6043
D122,5831
D122,6046
D122,6047
D122,6048
D122,6049
D123,6046
D123,6047
D123,6048
D123,6049
D124,5746
D124,5754
D124,5764
D124,5898
D124,6051
D124,6073
D125,6052
D126,6054
D127,5804
D127,5845
D127,5948
D127,5952
D127,6055
D127,6063
D128,6056
D129,6057
D130,6058
D131,606
D132,6062
D133,6064
D134,6065
D135,6066
D136,6067
D136,6068
D136,6069
D137,6070
D138,5770
D138,5780
D138,5875
D138,6071
D139,6072
D139,6083
D140,6074
D140,610
D141,6075
D142,6076
D143,6077
D144,6078
D145,6078
D146,58
D146,608
D147,6080
D148,6081
D149,6082
D150,6085
D151,6086
D152,6087
D153,6088
D154,6088
D155,609
D156,6091
D157,6093
D158,6094
D159,6095
D159,6096
D159,6097
D159,6098
D160,61
D161,61
D162,5874
D162,5962
D162,6100
D163,6101
D164,6103
D165,6105
D166,5860
D166,5861
D166,5862
D166,5863
D166,5864
D166,5865
D167,5867
D168,5817
D168,5868
D169,587
D170,5870
D171,5872
D172,5873
D173,5876
D174,5882
D175,5883
D176,5888
D177,5888
D178,5889
D179,5890
D180,5891
D181,5895
D182,59
D183,59
D184,590
D185,5901
D186,5796
D186,5902
D187,5903
D187,5904
D187,5905
D187,5906
D187,5907
D187,5908
D187,5909
D187,5910
D187,5911
D187,5912
D187,5913
D187,5914
D187,5915
D187,5916
D187,5917
D187,5918
D187,5919
D187,5920
D187,5921
D187,5922
D187,5923
D187,5924
D187,5925
D187,5926
D187,5927
D187,5928
D187,5929
D187,5930
D187,5931
D187,5932
D187,5933
D187,5934
D187,5935
D187,5936
D187,5937
D187,5938
D187,5939
D187,5940
D187,5941
D187,5942
D187,5943
D187,5944
D187,5945
D187,5946
D188,5903
D188,5904
D188,5905
D188,5906
D188,5907
D188,5908
D188,5909
D188,5910
D188,5911
D188,5912
D188,5913
D188,5914
D188,5915
D188,5916
D188,5917
D188,5918
D188,5919
D188,5920
D188,5921
D188,5922
D188,5923
D188,5924
D188,5925
D188,5926
D188,5927
D188,5928
D188,5929
D188,5930
D188,5931
D188,5932
D188,5933
D188,5934
D188,5935
D188,5936
D188,5937
D188,5938
D188,5939
D188,5940
D188,5941
D188,5942
D188,5943
D188,5944
D188,5945
D188,5946
D189,5903
D189,5904
D189,5905
D189,5906
D189,5907
D189,5908
D189,5909
D189,5910
D189,5911
D189,5912
D189,5913
D189,5914
D189,5915
D189,5916
D189,5917
D189,5918
D189,5919
D189,5920
D189,5921
D189,5922
D189,5923
D189,5924
D189,5925
D189,5926
D189,5927
D189,5928
D189,5929
D189,5930
D189,5931
D189,5932
D189,5933
D189,5934
D189,5935
D189,5936
D189,5937
D189,5938
D189,5939
D189,5940
D189,5941
D189,5942
D189,5943
D189,5944
D189,5945
D189,5946
D190,591
D190,596
D191,592
D192,593
D193,593
D194,593
D195,594
D196,594
D197,594
D198,594
D199,5947
D200,5756
D200,5798
D200,5949
D201,595
D202,5951
D203,5953
D204,5954
D205,5955
D206,5957
D207,5960
D208,5960
D209,5774
D209,5776
D209,5806
D209,5807
D209,5829
D209,5961
D209,5964
D210,5965
D211,5750
D211,5751
D211,5752
D211,5753
D211,5773
D211,5966
D211,5967
D211,5968
D211,5969
D211,5974
D211,5975
D211,5976
D212,5970
D213,5979
D214,598
D215,5980
D216,5748
D217,5749
D218,5749
D219,5749
D220,575
D221,5755
D222,5757
D223,5762
D224,5763
D225,5765
D226,5767
D227,5768
D228,5769
D229,577
D230,5771
D231,5772
D232,5775
D233,5779
D234,5779
D235,578
D236,5782
D236,5783
D236,5784
D236,5785
D236,5786
D236,5787
D236,5788
D236,5808
D236,5809
D236,5810
D236,5811
D236,5812
D236,5813
D236,5814
D236,5818
D236,5819
D236,5820
D236,5821
D236,5822
D236,5823
D236,5824
D236,5836
D236,5837
D236,5838
D236,5839
D236,5840
D236,5841
D236,5842
D237,5789
D238,579
D239,5790
D240,5791
D240,5844
D240,5846
D241,5792
D242,5793
D242,5794
D242,5795
D243,5797
D244,5799
D245,5799
D246,580
D247,5800
D248,5802
D249,5803
D250,581
D251,5815
D252,5816
D253,5818
D253,5819
D253,5820
D253,5821
D253,5822
D253,5823
D253,5824
D254,582
D255,5825
D256,5827
D257,5828
D258,5830
D259,5831
D260,5835
D261,5835
D262,584
D263,5847
D264,5849
D265,585
D266,585
D267,5850
D267,5851
D267,5852
D267,5853
D268,5854
D268,5855
D268,5856
D268,5857
D268,5858
D268,5859
D269,586
D270,5646
D270,5647
D270,5648
D270,5649
D270,5650
D271,56471
D272,5651
D273,5652
D274,5652
D275,56536
D276,5654
D277,5655
D278,5655
D279,56555
D279,5660
D280,56555
D281,56555
D282,5657
D283,56576
D284,5658
D285,5659
D286,5659
D287,5659
D288,5659
D289,5659
D290,56597
D291,56597
D292,566
D293,566
D294,56607
D295,5661
D296,5662
D297,5663
D298,5664
D298,5665
EauthorID,bookID
E1,692
E2,6920
E3,6920
E4,6921
E5,6923
E6,6926
E7,6683
E7,6684
E7,6753
E7,6768
E7,6927
E8,6650
E9,6652
E10,6653
E10,6749
E11,6653
E11,6749
E12,6655
E13,6656
E14,6657
E15,6658
E16,6659
E17,660
E17,661
E17,662
E17,663
E17,664
E17,665
E17,666
E17,667
E17,668
E17,669
E17,670
E18,660
E18,661
E18,662
E18,663
E18,664
E18,665
E18,666
E18,667
E18,668
E18,669
E18,670
E19,6314
E19,6359
E19,6660
E19,6672
E20,6406
E20,6407
E20,6428
E20,6490
E20,6661
E21,6662
E22,6663
E23,6664
E24,6664
E25,6668
E25,6738
E26,6669
E27,655
E27,6670
E28,6671
E29,6673
E30,6674
E31,6675
E32,6676
E33,6677
E34,6678
E35,6678
E36,6678
E37,6678
E38,6678
E39,6586
E39,6678
E40,6678
E41,6678
E42,6678
E43,6678
E44,6678
E45,6678
E46,6678
E47,6678
E48,6678
E49,6678
E50,6436
E50,6679
E51,6682
E52,6685
E53,6685
E54,6520
E54,6521
E54,6522
E54,6523
E54,6524
E54,6686
E55,6687
E56,6688
E57,6689
E58,6692
E59,6692
E60,6693
E61,6694
E62,6694
E63,6695
E64,6697
E65,6699
E66,67
E67,6700
E67,6701
E68,6598
E68,6702
E69,6702
E70,6703
E71,6704
E72,6706
E73,6707
E73,6731
E74,6708
E75,6709
E76,6461
E76,659
E76,671
E77,6430
E77,6710
E78,6430
E78,6710
E79,6711
E80,6713
E81,6468
E81,6714
E81,6717
E82,6716
E83,6718
E84,6113
E84,6311
E84,6412
E84,6627
E84,6719
E85,6720
E86,6721
E87,6722
E88,6722
E89,6732
E90,6733
E91,6734
E92,6735
E93,6737
E94,6737
E95,674
E96,6741
E97,6743
E98,6744
E99,640
E99,641
E99,6746
E100,6747
E101,6750
E102,6751
E103,6752
E104,6754
E105,6755
E106,6757
E107,6758
E107,6759
E107,6760
E107,6761
E108,6762
E109,6763
E110,6763
E111,6764
E112,6765
E113,6765
E114,6766
E115,6769
E116,6308
E116,677
E117,6770
E117,6771
E117,6772
E117,6773
E117,6774
E117,6775
E117,6776
E117,6777
E117,6778
E117,6779
E117,6780
E117,6781
E117,6782
E117,6783
E117,6784
E117,6785
E117,6786
E117,6787
E118,6775
E118,6780
E119,6780
E120,6786
E120,6787
E121,6476
E121,6477
E122,6479
E123,648
E124,6481
E125,6482
E126,6482
E127,6482
E128,6482
E129,6485
E130,6487
E131,6379
E131,6425
E131,6488
E132,6331
E132,6489
E133,6491
E134,6492
E135,6493
E136,6493
E137,6493
E138,6493
E139,6494
E140,6495
E141,6500
E142,6502
E143,6506
E144,6507
E144,6508
E144,6509
E144,6510
E144,6511
E144,6512
E144,6513
E144,6514
E144,6515
E144,6516
E145,6517
E146,6523
E147,6526
E148,6527
E149,6527
E150,655
E151,656
E152,6561
E153,6565
E154,6566
E155,6567
E156,6568
E157,6569
E158,657
E159,657
E160,6570
E161,6571
E162,6571
E163,6572
E164,6573
E165,6574
E166,6325
E166,6353
E166,6575
E167,6307
E167,6324
E167,6576
E168,6323
E168,6328
E168,6577
E169,6578
E170,6579
E171,658
E172,658
E173,6580
E174,6581
E175,6582
E176,6583
E177,6584
E178,6327
E178,6585
E179,6327
E179,6585
E180,6327
E180,6585
E181,6587
E182,6589
E183,6230
E183,6231
E183,6232
E183,6233
E183,6234
E183,6235
E183,6236
E183,6237
E183,6238
E183,6239
E183,6240
E183,6241
E183,6242
E183,6243
E183,6244
E183,6245
E183,6246
E183,6247
E183,6248
E183,6249
E183,6250
E183,6251
E183,6252
E183,6253
E183,6254
E183,6255
E183,6256
E183,6257
E183,6258
E183,6259
E183,6260
E183,6261
E183,6262
E183,6263
E183,6264
E183,6265
E183,6266
E183,6267
E183,6268
E183,6269
E183,6270
E183,6271
E183,6272
E183,6273
E183,6274
E183,6275
E183,6276
E183,6277
E183,6278
E183,6279
E183,6280
E183,6281
E183,6282
E183,6283
E183,6284
E183,6285
E183,6286
E183,6287
E183,6288
E183,6289
E183,6290
E183,6291
E183,6292
E183,6293
E183,6294
E183,6295
E183,6296
E183,6297
E183,6298
E183,6299
E183,6300
E183,6590
E183,6600
E184,6590
E185,6592
E186,6593
E187,6594
E188,6595
E189,6596
E190,6597
E191,6598
E192,66
E193,6600
E194,6600
E195,6603
E196,6604
E197,6604
E198,6606
E198,6607
E198,6608
E198,6609
E198,6610
E198,6611
E198,6612
E198,6613
E198,6614
E198,6615
E199,6616
E200,6619
E201,6619
E202,6621
E203,6622
E204,6623
E205,6625
E206,6626
E207,6626
E208,6628
E209,6471
E209,6629
E210,6630
E211,6631
E212,6632
E212,6633
E212,6634
E213,6635
E214,6636
E215,6355
E216,6357
E216,646
E217,6358
E218,636
E219,6360
E220,6362
E221,6363
E221,6371
E221,6372
E222,6363
E222,6371
E222,6372
E223,6364
E224,6365
E224,6433
E224,6451
E225,6366
E226,6367
E227,6367
E228,6368
E229,6369
E230,6373
E231,6374
E232,6375
E233,6376
E234,6378
E234,638
E235,6380
E236,6381
E237,6382
E238,6384
E239,6385
E240,6387
E240,6388
E240,6391
E240,6392
E240,6393
E240,6394
E240,6396
E240,6397
E241,6388
E241,6389
E241,6392
E241,6393
E241,6394
E241,6396
E241,6398
E242,639
E243,64
E244,6401
E245,6402
E246,6402
E247,6403
E248,6408
E249,6408
E250,6409
E251,6410
E251,6415
E252,6413
E253,6414
E254,6416
E255,6418
E256,6348
E256,6349
E256,6419
E256,6420
E257,6354
E257,642
E257,643
E257,6445
E257,645
E258,6422
E259,6423
E260,6424
E261,6426
E262,6427
E263,6429
E264,6431
E265,6432
E266,6434
E267,6435
E267,6464
E268,6437
E269,6438
E270,6438
E271,6439
E272,6440
E273,6441
E274,6441
E275,6442
E276,6443
E277,6114
E277,6444
E278,6445
E279,6350
E279,6446
E280,6447
E281,6306
E281,6449
E282,6450
E283,6452
E284,6453
E285,6454
E286,6455
E287,6456
E288,6458
E289,6459
E290,6460
E291,6462
E292,6463
E293,6465
E294,6466
E295,6467
E296,6467
E297,627
E297,647
E298,647
E299,6472
E300,6473
E301,6315
E301,6474
E302,6475
E303,6475
E304,623
E305,623
E306,624
E307,625
E308,626
E309,626
E310,6303
E311,6305
E312,6307
E313,6310
E314,6312
E315,6313
E316,6316
E317,6317
E318,6317
E319,6317
E320,6320
E321,6320
E322,6321
E323,6322
E324,6322
E325,6322
E326,6330
E327,6334
E328,6335
E329,6336
E330,6337
E331,6338
E332,6339
E333,634
E334,6340
E335,6344
E336,6345
E337,6345
E338,6346
E339,6347
E340,6351
E341,6352
E342,6106
E343,6107
E344,6108
E345,6109
E346,611
E347,6111
E348,6112
E349,6115
FauthorID,bookID
F1,7548
F2,7548
F2,7549
F2,7550
F2,7551
F2,7552
F2,7553
F2,7554
F2,7555
F2,7556
F2,7557
F2,7558
F2,7559
F2,7560
F2,7561
F2,7562
F2,7563
F2,7564
F2,7565
F2,7566
F2,7567
F3,7114
F3,7549
F4,755
F5,7550
F6,7551
F7,7552
F8,7553
F9,7554
F10,7555
F11,7100
F11,7101
F11,7102
F11,7103
F11,7104
F11,7105
F11,7106
F11,7107
F11,7154
F11,7155
F11,7156
F11,7157
F11,7158
F11,7159
F11,7160
F11,7161
F11,7162
F11,7193
F11,7194
F11,7195
F11,7196
F11,7197
F11,7198
F11,7199
F11,7200
F11,7242
F11,7243
F11,7244
F11,7245
F11,7246
F11,7247
F11,7248
F11,7249
F11,7250
F11,7556
F12,7557
F13,7558
F14,7559
F15,756
F16,7560
F17,7561
F18,7561
F19,7562
F20,7563
F21,7564
F22,7565
F23,7566
F24,7567
F25,725
F26,7251
F27,7252
F28,7014
F28,7254
F29,7014
F29,7254
F30,7014
F30,7254
F31,7256
F32,7259
F33,7259
F34,7083
F34,7187
F34,723
F34,724
F34,726
F34,728
F34,7359
F34,7362
F34,7364
F35,7261
F36,7262
F37,7265
F38,727
F39,7275
F40,7277
F41,6788
F41,7278
F42,7280
F42,7404
F43,7281
F44,7282
F45,7282
F46,7283
F47,729
F48,7294
F49,7294
F50,7294
F51,7295
F52,7296
F52,7369
F53,6836
F53,6837
F53,6877
F53,6879
F53,6880
F53,6955
F53,6980
F53,6984
F53,6985
F53,7028
F53,7050
F53,7230
F53,7298
F53,7423
F54,7299
F55,6979
F55,7239
F55,73
F56,699
F56,700
F56,730
F57,7302
F58,6903
F58,7052
F58,7303
F59,7304
F60,7307
F61,7058
F61,718
F61,7308
F62,731
F62,732
F62,733
F62,734
F62,735
F62,736
F63,731
F63,732
F63,733
F63,734
F63,735
F63,736
F64,6992
F64,7310
F64,7365
F65,6952
F65,6953
F65,7006
F65,7037
F65,7060
F65,7061
F65,7070
F65,7071
F65,7229
F65,7318
F65,7334
F65,7346
F66,7319
F67,7320
F68,7321
F69,7324
F70,7110
F70,7325
F71,7326
F72,7333
F73,7335
F74,7338
F75,7339
F76,6982
F76,7057
F76,7131
F76,7183
F76,7344
F77,7091
F77,7345
F78,7347
F79,7348
F80,7069
F80,7351
F81,7132
F81,7353
F81,7401
F81,7415
F82,7355
F83,6904
F83,7356
F84,7357
F85,7358
F86,7360
F87,7361
F88,7362
F89,7214
F89,7363
F90,7363
F91,7366
F92,7366
F93,7368
F94,6950
F94,714
F94,737
F95,7370
F96,7371
F97,7085
F97,7119
F97,7183
F97,7372
F98,7373
F99,7374
F100,7377
F101,7380
F101,7385
F102,7381
F103,7386
F103,7413
F104,7388
F104,7389
F104,7390
F104,7391
F104,7392
F104,7393
F104,7394
F104,7395
F104,7396
F104,7397
F104,7398
F104,7399
F104,7400
F105,739
F106,740
F107,7402
F108,7402
F109,7405
F110,7409
F111,741
F112,7411
F113,7045
F113,7414
F114,6828
F114,7416
F115,7416
F116,6861
F116,7416
F116,7417
F117,742
F118,7077
F119,7079
F120,697
F120,708
F120,709
F120,7127
F120,7174
F121,7081
F121,7210
F122,7082
F123,7084
F124,6947
F124,7087
F125,6936
F125,7088
F126,7088
F127,6936
F127,7089
F128,7090
F129,7097
F130,71
F131,710
F132,710
F133,711
F134,6824
F134,7112
F135,7118
F136,712
F137,6900
F137,6902
F137,7120
F138,6900
F138,6902
F138,7120
F139,7122
F140,7124
F141,7125
F142,7126
F143,7128
F144,7128
F145,7129
F146,713
F147,7133
F147,7134
F147,7135
F147,7136
F147,7137
F147,7138
F147,7139
F147,7140
F148,7142
F149,7143
F150,7065
F150,7144
F151,7146
F151,7152
F152,7149
F153,7149
F154,715
F155,7150
F156,7153
F157,716
F158,6842
F158,7164
F159,7169
F160,717
F161,7170
F162,6847
F162,7171
F163,7172
F164,7172
F165,689
F165,7176
F166,7179
F167,7180
F168,7181
F169,7010
F169,7188
F170,7010
F170,7188
F171,7189
F172,7190
F173,68
F173,72
F174,687
F174,720
F175,7208
F176,721
F177,7213
F178,7214
F179,7214
F180,722
F181,722
F182,722
F183,7222
F184,7222
F185,7222
F186,7223
F187,7224
F188,701
F188,7227
F189,7228
F190,7230
F191,6899
F191,7231
F192,7234
F193,7234
F194,7235
F195,7237
F196,7239
F197,7241
F198,7241
F199,7241
F200,6928
F201,6929
F202,6929
F203,693
F204,6930
F205,6932
F206,6933
F207,6934
F207,6935
F208,6939
F208,6940
F208,6941
F208,6942
F208,6943
F208,6944
F208,7003
F208,7004
F208,7005
F208,7023
F208,7024
F208,7025
F209,6945
F210,6948
F211,6948
F212,6949
F213,6954
F214,6956
F215,6957
F216,6958
F217,6960
F218,6961
F218,6962
F219,6963
F220,6963
F221,6964
F222,6965
F223,6970
F224,6970
F225,6971
F226,6973
F227,6974
F228,6976
F229,6977
F230,6977
F231,6981
F231,7030
F232,6983
F233,6987
F234,6988
F235,6989
F236,699
F237,6991
F238,6993
F239,6997
F240,6998
F241,6999
F242,7002
F243,7007
F244,7007
F245,7008
F246,7011
F247,7015
F248,7016
F249,7018
F250,7018
F251,7019
F252,702
F253,7020
F254,7021
F255,7026
F256,7027
F257,7029
F258,703
F259,7031
F260,7035
F261,7036
F262,7038
F263,7039
F264,704
F265,7046
F266,7047
F267,7055
F268,7056
F269,7059
F270,706
F270,707
F271,6806
F271,7062
F272,7063
F273,7066
F274,7066
F275,7067
F276,7074
F277,7075
F278,7076
F279,6788
F279,6789
F279,6790
F279,6791
F279,6792
F279,6793
F279,6794
F279,6795
F279,6796
F279,6797
F279,6798
F279,6799
F279,6800
F280,6789
F281,679
F282,6791
F283,6792
F284,680
F285,680
F286,6801
F287,6802
F288,6803
F289,6805
F290,6808
F291,681
F292,681
F293,6810
F294,6811
F295,6812
F296,6812
F297,6813
F298,6814
F299,6815
F300,6816
F301,6817
F302,6818
F303,682
F304,6823
F305,6825
F306,6825
F307,6826
F308,6827
F309,6828
F310,6829
F311,6829
F312,6829
F313,6839
F314,684
F315,6840
F316,6841
F317,6841
F318,6843
F319,6844
F320,6845
F321,6846
F322,6848
F322,6849
F323,685
F324,6850
F325,6851
F325,6853
F326,6852
F327,6852
F328,6854
F329,6855
F330,6856
F331,6857
F332,6858
F333,6859
F334,6859
F335,6859
F336,686
F337,6860
F338,6862
F339,6863
F340,6863
F341,6863
F342,6864
F343,6865
F344,6866
F345,6867
F346,6867
F347,6868
F348,6870
F349,6872
F350,6874
F351,6876
F352,6878
F353,688
F354,6881
F355,6882
F356,6884
F357,6886
F358,6888
F359,689
F360,6894
F361,6895
F362,6896
F363,6897
F364,6898
F365,69
F366,690
F367,6909
F368,691
F369,6910
F370,6911
F371,6912
F372,6913
F373,6914
F374,6916
F375,6917
GauthorID,bookID
G1,8067
G2,7883
G2,7925
G2,8068
G2,8069
G2,8070
G2,8071
G3,8072
G4,8073
G5,8075
G6,8076
G7,8078
G8,7927
G8,7929
G8,7950
G8,8079
G9,808
G10,808
G11,7433
G11,7529
G11,7813
G11,8080
G11,8081
G12,8082
G13,8083
G14,8083
G15,8086
G16,77
G16,7876
G16,7877
G16,7878
G16,7879
G16,7880
G16,7881
G16,7937
G16,8088
G16,8089
G16,8090
G16,8091
G17,8092
G18,7448
G18,8094
G19,8094
G20,8094
G21,7805
G22,7806
G23,7807
G24,7767
G24,7808
G25,781
G26,7811
G27,7811
G28,7814
G29,7815
G30,7487
G30,7816
G30,7835
G30,7842
G30,7926
G31,7819
G32,7821
G32,7822
G32,7823
G33,7790
G33,7824
G34,7826
G35,7446
G35,7827
G36,7828
G37,7829
G38,783
G39,7831
G39,7870
G40,7832
G41,7833
G42,7836
G43,7837
G44,7477
G44,7838
G45,7430
G45,7546
G45,7796
G45,7839
G46,784
G47,7840
G48,7841
G49,7843
G50,7844
G51,7844
G52,7845
G53,7846
G54,7473
G54,7847
G55,7848
G56,7849
G57,7849
G58,785
G59,785
G60,7853
G61,7856
G62,7857
G62,7867
G63,7862
G64,7863
G65,7864
G66,7865
G67,7865
G68,7868
G69,787
G70,7493
G70,7506
G70,7882
G71,7884
G72,7439
G72,7885
G73,7886
G74,7887
G75,7889
G76,7890
G76,7891
G76,7892
G76,7893
G76,7894
G77,7890
G78,7895
G79,7896
G80,7897
G81,7897
G81,7898
G82,7899
G83,7899
G84,79
G85,7901
G85,7902
G85,7903
G85,7904
G85,7905
G85,7906
G85,7907
G85,7908
G85,7909
G85,7910
G85,7911
G85,7912
G85,7913
G85,7914
G85,7915
G85,7916
G85,7917
G85,7918
G85,7919
G85,7920
G85,7921
G85,7922
G85,7923
G85,7924
G86,7901
G86,7902
G86,7903
G86,7904
G86,7905
G86,7906
G86,7907
G86,7908
G86,7909
G86,7910
G86,7923
G87,7782
G87,791
G88,792
G89,7927
G89,7929
G89,7950
G90,7927
G90,7950
G91,7928
G92,7929
G93,793
G94,7930
G95,7931
G96,7932
G97,7936
G98,7936
G99,7937
G100,7938
G101,7940
G102,7942
G103,7942
G104,7947
G105,7947
G106,7948
G107,7949
G108,7950
G109,7951
G110,7955
G111,7955
G112,768
G113,7586
G113,7587
G113,7588
G113,7589
G113,7590
G113,7591
G113,7592
G113,7593
G113,7594
G113,7595
G113,7596
G113,7597
G113,7598
G113,7599
G113,7601
G113,7602
G113,7603
G113,7604
G113,7605
G113,7606
G113,7607
G113,7608
G113,7609
G113,7610
G113,7611
G113,7612
G113,7613
G113,7614
G113,7615
G113,7616
G113,7617
G113,7618
G113,7619
G113,7620
G113,7621
G113,7622
G113,7623
G113,7624
G113,7625
G113,7626
G113,7627
G113,7628
G113,7629
G113,7630
G113,7631
G113,7632
G113,7633
G113,7634
G113,7635
G113,7636
G113,7637
G113,7638
G113,7639
G113,7640
G113,7641
G113,7642
G113,7643
G113,7644
G113,7645
G113,7646
G113,7647
G113,7648
G113,7649
G113,7650
G113,7651
G113,7652
G113,7653
G113,7654
G113,7655
G113,7656
G113,7657
G113,7658
G113,7659
G113,7660
G113,7661
G113,7662
G113,7663
G113,7664
G113,7665
G113,7666
G113,7667
G113,7668
G113,7669
G113,7670
G113,7671
G113,7672
G113,7673
G113,7674
G113,7675
G113,7676
G113,7677
G113,7678
G113,7679
G113,7680
G113,7681
G113,7682
G113,7683
G113,7684
G113,7685
G113,7686
G113,7687
G113,7688
G113,7689
G113,7690
G113,7691
G113,7692
G113,7693
G113,7694
G113,7695
G113,7696
G113,7697
G113,7698
G113,7699
G113,7701
G113,7702
G113,7703
G113,7704
G113,7705
G113,7706
G113,7707
G113,7708
G113,7709
G113,7710
G113,7711
G113,7712
G113,7713
G113,7714
G113,7715
G113,7716
G113,7717
G113,7718
G113,7719
G113,7720
G113,7721
G113,7722
G113,7723
G113,7724
G113,7725
G113,7726
G113,7727
G113,7728
G113,7729
G113,7730
G113,7731
G113,7732
G113,7733
G113,7734
G113,7735
G113,7736
G113,7737
G113,7738
G113,7739
G113,7740
G113,7741
G113,7743
G113,7744
G113,7745
G113,7746
G113,7747
G113,7748
G113,7749
G113,7750
G113,7751
G113,7752
G113,7753
G113,7754
G113,7755
G113,7756
G113,7757
G113,7758
G113,7759
G113,7760
G113,7761
G114,769
G115,770
G115,778
G116,775
G116,780
G117,776
G118,7762
G119,7762
G120,7763
G121,7764
G122,7765
G123,7768
G124,777
G125,7773
G126,7522
G126,7774
G127,7777
G128,7779
G128,7799
G129,7780
G130,7780
G131,7784
G132,7785
G133,7786
G134,7787
G135,7788
G136,7789
G137,779
G138,779
G139,7795
G140,7795
G141,7795
G142,7796
G143,7798
G144,7798
G145,7799
G146,78
G147,7801
G148,7505
G148,7802
G149,7803
G150,7804
G151,7568
G152,7538
G152,7539
G152,7540
G152,7541
G152,7542
G152,7543
G152,7544
G152,7545
G152,7546
G152,7547
G152,7568
G152,7569
G152,7570
G152,7571
G152,7572
G152,7573
G152,7574
G152,7575
G152,7576
G152,7577
G152,7578
G152,7579
G152,7580
G152,7581
G152,7582
G152,7583
G152,7584
G152,7585
G153,7569
G154,7570
G155,7571
G156,7572
G157,7573
G158,7574
G159,7575
G160,7576
G161,7577
G162,7578
G163,7579
G164,7580
G165,7581
G166,7582
G167,7583
G168,7584
G169,7585
G170,759
G170,760
G170,761
G171,7600
G172,7600
G173,762
G174,763
G175,763
G176,763
G177,764
G178,765
G179,766
G180,767
G181,7424
G182,7425
G183,7426
G183,7541
G184,7427
G185,7428
G186,7429
G187,743
G188,7431
G189,7434
G189,7498
G190,7435
G191,7437
G192,744
G193,744
G194,7440
G195,7443
G196,7445
G196,7475
G197,7447
G198,7449
G199,7449
G200,7450
G201,7451
G202,7452
G203,746
G204,7460
G205,7463
G206,7464
G206,7471
G207,7465
G207,7478
G208,7467
G209,747
G210,747
G211,7470
G212,7472
G213,7479
G214,748
G215,7480
G216,7480
G217,7481
G218,7482
G219,7485
G220,7486
G221,7488
G222,749
G223,749
G224,749
G225,7490
G226,7490
G227,7491
G228,7491
G229,7492
G230,7494
G231,7495
G232,7496
G233,7497
G234,7499
G235,75
G236,750
G237,7504
G238,7509
G239,751
G239,7545
G240,7510
G241,7513
G242,7514
G243,7515
G244,7516
G244,7517
G245,7518
G246,7519
G247,752
G248,752
G249,752
G250,7520
G251,7523
G252,7524
G253,7527
G254,7527
G255,753
G256,7531
G256,7532
G256,7533
G256,7534
G256,7535
G257,7538
G258,7538
G259,7539
G260,754
G261,7540
G262,7542
G263,7543
G264,7544
G265,7547
HauthorID,bookID
H1,8505
H1,8595
H2,8596
H3,7991
H3,8597
H4,8597
H5,832
H5,8598
H6,8598
H7,8599
H8,860
H9,8600
H10,8601
H11,8601
H12,8602
H13,8222
H13,8605
H14,8606
H15,8437
H15,8606
H16,8382
H16,8607
H17,861
H18,862
H19,8638
H20,8212
H20,8491
H20,8639
H21,8641
H22,8642
H23,8642
H24,8642
H25,8644
H26,8108
H26,8222
H26,8645
H27,7974
H27,8647
H28,843
H28,8648
H29,849
H29,865
H29,866
H29,867
H29,868
H30,8155
H30,8651
H30,8670
H30,8679
H31,8652
H32,8653
H33,8653
H34,8653
H35,8206
H35,8654
H36,8654
H37,8659
H38,8661
H39,8661
H40,8662
H41,7997
H41,8663
H42,8663
H43,8663
H44,8664
H45,8666
H46,8184
H46,8667
H47,8668
H47,8681
H48,8671
H49,8199
H49,8673
H50,8674
H51,8675
H52,8188
H52,8384
H52,8677
H53,8680
H54,8682
H55,8683
H56,8684
H57,836
H57,837
H58,8374
H59,8374
H60,8376
H61,8377
H62,8378
H63,8378
H64,8378
H65,8378
H66,8378
H67,8378
H68,8378
H69,8378
H70,838
H71,8380
H72,8200
H72,8381
H72,8397
H73,8383
H74,8385
H74,8435
H75,8385
H75,8435
H76,8386
H76,8456
H77,8387
H78,8387
H78,8445
H79,8140
H79,8389
H80,8132
H80,8393
H81,7964
H81,834
H81,8394
H82,8129
H82,8183
H82,8395
H83,8398
H84,840
H85,8402
H86,8403
H87,8223
H87,8404
H87,842
H88,8405
H89,8406
H90,8407
H91,8409
H92,841
H93,8410
H94,8411
H95,8412
H96,8413
H97,8414
H98,8415
H99,8415
H100,8418
H101,8419
H102,8419
H103,8214
H103,8217
H103,8422
H104,8214
H104,8217
H104,8422
H105,8423
H106,8423
H107,8424
H108,8425
H109,8426
H110,8426
H111,8426
H112,8427
H113,8428
H114,8207
H114,8429
H115,8432
H116,8433
H117,8434
H118,8435
H119,8435
H120,8435
H121,8435
H122,8435
H123,8435
H124,8435
H125,8435
H126,8435
H127,8435
H128,8435
H129,8435
H130,8435
H131,8436
H132,8437
H133,844
H134,8440
H135,8441
H135,8492
H136,8443
H137,8148
H137,8444
H137,8496
H138,8444
H139,8445
H140,8447
H141,8295
H141,8449
H142,845
H143,8455
H144,8455
H145,8457
H146,846
H147,8460
H148,8462
H149,8464
H150,8465
H151,8465
H152,8465
H153,8465
H154,8467
H155,8469
H156,8469
H157,847
H158,8471
H158,8472
H158,8473
H158,8474
H158,8475
H158,8476
H158,8477
H158,8478
H158,8479
H158,8480
H158,8481
H158,8482
H159,848
H160,8485
H161,8486
H162,8487
H163,8487
H164,8491
H165,8158
H165,8493
H166,8496
H167,81
H167,85
H168,850
H169,7956
H169,8500
H169,8510
H170,8500
H171,8500
H172,8501
H173,8502
H174,8503
H175,8219
H175,8506
H176,851
H177,8510
H178,829
H179,8299
H180,83
H181,830
H182,830
H183,831
H184,831
H185,833
H186,8095
H187,8101
H187,8196
H188,8104
H188,8105
H189,8106
H190,8106
H191,8109
H192,811
H193,811
H194,8
H194,8110
H195,8111
H196,8111
H197,8112
H198,8113
H198,8134
H199,8115
H200,8118
H201,8120
H202,8120
H203,8122
H204,8123
H205,8125
H206,8127
H207,813
H208,813
H209,8133
H210,8135
H211,8138
H212,814
H213,8141
H214,8142
H215,8143
H216,8144
H217,8144
H218,8145
H219,8145
H220,8146
H221,8147
H222,8148
H223,8148
H224,8148
H225,815
H225,816
H226,815
H226,816
H227,7958
H227,8150
H228,8150
H229,8150
H230,8151
H231,8152
H232,8153
H233,8154
H234,8157
H235,8159
H236,8160
H237,8161
H238,8164
H238,8176
H238,8178
H238,8190
H239,8165
H240,8166
H240,8167
H240,8168
H240,8169
H240,8170
H241,8166
H241,8167
H241,8168
H241,8169
H241,8170
H242,8166
H242,8167
H242,8168
H242,8169
H242,8170
H243,8166
H243,8167
H243,8168
H243,8169
H243,8170
H244,817
H245,817
H246,8172
H247,8177
H248,8177
H249,8179
H249,8181
H250,818
H251,8180
H252,8182
H253,8185
H254,8189
H255,8189
H256,819
H257,8191
H258,8192
H259,8192
H260,8197
H261,8198
H262,7987
H262,82
H263,820
H264,820
H265,8201
H266,8207
H267,8209
H268,821
H269,8211
H270,822
H271,8220
H272,8226
H273,823
H274,7956
H275,7957
H276,7958
H277,7958
H278,7959
H279,7959
H280,7959
H281,7961
H282,7962
H283,7963
H284,7965
H285,7969
H286,7971
H287,7972
H288,7976
H289,7978
H290,7982
H291,7984
H292,7984
H293,7986
H294,7986
H295,7989
H296,7991
H297,7992
H298,7993
H298,7994
H299,7995
H300,80
H301,805
JauthorID,bookID
J1,9948
J2,9949
J3,995
J4,9952
J5,9954
J6,9310
J6,9955
J7,9956
J8,9957
J9,9958
J10,996
J11,996
J12,9963
J13,9363
J13,9964
J14,9965
J15,9966
J16,9298
J16,9363
J16,9967
J17,9968
J18,9970
J19,9971
J19,9972
J19,9994
J20,9971
J20,9972
J21,9973
J22,9974
J23,9975
J24,9978
J25,9979
J26,9981
J27,9982
J28,9502
J28,9983
J29,9301
J29,9543
J29,9984
J30,9985
J31,9986
J32,9987
J33,9987
J34,9987
J35,9987
J36,9988
J37,9989
J38,9990
J39,9991
J40,9993
J41,9994
J42,9995
J43,9996
J44,9997
J45,9998
J46,9999
J47,9816
J48,9817
J49,982
J50,9507
J50,9614
J50,9633
J50,9634
J50,9665
J50,969
J50,9820
J50,9821
J51,9822
J52,9822
J53,9822
J54,9823
J55,9311
J55,9825
J56,9788
J56,9826
J56,9845
J57,9488
J57,9608
J57,9663
J57,9829
J58,9830
J59,9831
J60,9831
J61,9832
J61,9853
J62,9833
J63,9297
J63,9807
J63,9834
J63,9902
J64,9835
J64,9879
J65,9664
J65,9836
J65,9871
J65,9872
J65,9923
J66,9837
J67,9838
J67,9839
J68,984
J69,9840
J70,9842
J71,9844
J72,9846
J73,9846
J74,9847
J75,9847
J76,9848
J77,9848
J78,9796
J78,9849
J79,985
J79,986
J80,985
J80,986
J81,9792
J81,985
J81,986
J82,9640
J82,9850
J83,9786
J83,9851
J84,9852
J85,9854
J86,9855
J87,9855
J88,9856
J89,9857
J90,9858
J90,9864
J91,9862
J92,9863
J93,9865
J94,9866
J95,9866
J96,9791
J96,9867
J96,9903
J96,9925
J97,9868
J98,9869
J99,9869
J100,9870
J101,9873
J102,9504
J102,9874
J103,988
J104,9880
J105,9296
J105,9798
J105,9881
J106,9886
J107,9887
J108,9888
J109,9485
J109,9606
J109,9889
J110,948
J110,971
J110,975
J110,989
J110,990
J110,991
J110,992
J111,948
J111,971
J111,975
J111,989
J111,990
J111,991
J111,992
J112,9896
J113,9897
J114,9897
J115,9899
J116,99
J117,9900
J118,9901
J119,9904
J120,9905
J121,9906
J122,9907
J123,9378
J123,9747
J123,9779
J123,9908
J123,9927
J124,966
J124,9909
J125,9910
J126,9615
J126,9911
J127,9615
J127,9911
J128,9912
J129,9912
J130,9913
J131,9913
J132,9914
J133,9915
J134,9916
J135,9917
J136,9920
J137,9921
J138,9921
J139,9924
J140,9926
J141,9928
J142,9929
J143,9929
J144,9929
J145,993
J146,9931
J147,9932
J148,9935
J148,9936
J148,9937
J148,9938
J148,9939
J149,994
J150,9940
J151,9941
J152,9943
J153,9944
J154,9944
J155,9629
J156,963
J156,967
J156,968
J156,98
J157,9630
J158,9631
J159,9631
J160,9635
J161,964
J161,973
J162,9640
J163,9640
J164,9640
J165,9640
J166,9640
J167,9497
J167,9498
J167,9640
J168,9640
J169,9484
J169,9506
J169,9546
J169,9621
J169,9640
J170,9640
J171,9640
J172,9640
J173,9640
J174,9640
J175,9640
J176,9363
J176,9640
J177,9640
J178,9640
J179,9640
J180,9640
J181,9323
J181,9640
J182,9640
J183,9647
J184,9649
J185,965
J186,9650
J187,9651
J187,9777
J188,9652
J189,9653
J190,9656
J191,9657
J192,9659
J192,980
J193,9660
J194,9660
J195,9661
J196,9662
J197,9662
J198,9601
J198,9667
J198,9668
J198,9669
J198,9670
J198,9814
J199,969
J200,97
J201,970
J202,9700
J203,9700
J204,972
J205,974
J206,9745
J207,9746
J208,9747
J209,9747
J210,9748
J211,9749
J212,9750
J212,9751
J212,9752
J212,9753
J212,9754
J212,9755
J212,9756
J212,9757
J212,9758
J212,9759
J212,9760
J212,9761
J212,9762
J212,9763
J212,9764
J212,9765
J212,9766
J212,9767
J212,9768
J212,9769
J212,9770
J212,9771
J212,9772
J212,9773
J212,9774
J213,976
J214,977
J214,9790
J215,9775
J216,9776
J217,9776
J218,9778
J219,9779
J220,978
J221,9780
J222,9780
J223,9781
J224,9782
J224,9783
J225,9784
J226,9785
J227,9787
J228,9789
J229,979
J230,9793
J231,9794
J232,9795
J233,9799
J234,9799
J235,9601
J235,9800
J236,9801
J237,9803
J238,9803
J239,9804
J240,9805
J241,9806
J242,9808
J243,9809
J244,981
J245,9811
J246,9812
J247,9813
J248,9814
J249,9815
J250,9362
J250,9377
J250,9475
J251,9476
J252,9479
J253,9479
J254,9480
J255,9482
J256,9482
J257,9482
J258,9483
J259,9487
J260,9488
J261,9489
J262,949
J262,950
J262,951
J262,952
J262,953
J262,954
J263,9492
J264,9499
J265,9499
J266,95
J267,9500
J268,9501
J269,9505
J270,9542
J271,9542
J272,9547
J273,9547
J274,9548
J275,955
J275,956
J275,957
J275,958
J275,959
J275,960
J275,961
J276,9550
J277,9559
J278,9560
J278,9561
J278,9562
J278,9563
J278,9564
J278,9565
J278,9566
J278,9567
J278,9568
J278,9569
J278,9570
J278,9571
J278,9572
J278,9573
J278,9574
J278,9575
J278,9576
J278,9577
J278,9578
J278,9579
J278,9580
J278,9581
J278,9582
J278,9583
J278,9584
J278,9585
J278,9586
J278,9587
J278,9588
J278,9589
J278,9590
J278,9591
J278,9592
J278,9593
J278,9594
J278,9595
J278,9596
J278,9597
J278,9598
J278,9599
J278,9600
J279,96
J280,9602
J281,9603
J281,9604
J282,9603
J282,9604
J283,9605
J284,9606
J285,9607
J286,9609
J286,9611
J287,9610
J288,9612
J289,9613
J290,9616
J291,9617
J292,9618
J293,9619
J294,9619
J295,962
J296,962
J297,9321
J297,9620
J298,9622
J299,9622
J300,9624
J301,9625
J301,9626
J301,9627
J301,9628
J302,929
J303,929
J304,929
J305,9294
J306,9295
J307,9299
J308,930
J309,9300
J309,9305
J309,9309
J309,9312
J310,9301
J311,9301
J312,9304
J313,9304
J314,9306
J315,9306
J316,9310
J317,9310
J318,9313
J319,9314
J320,9315
J320,9316
J320,9317
J320,9318
J320,9319
J320,9320
J321,932
J322,9322
J323,9324
J324,9328
J325,9329
J326,9330
J326,9333
J327,9332
J328,9334
J329,9334
J330,9334
J331,936
J332,9363
J333,9363
J334,9363
J335,9363
J336,9363
J337,9363
J338,9363
J339,9363
J340,9363
J341,9363
J342,9363
J343,9363
J344,9363
J345,9363
J346,9363
J347,9363
J348,9363
J349,9363
J350,9363
J351,9363
J352,9363
J353,9363
J354,9363
J355,9367
J355,9370
J356,9368
J357,937
J358,9371
J359,9371
J360,9372
J361,9373
J362,9374
J363,9376
